{
  "accuracy": 0.8064516129032258,
  "macro_f1": 0.4941558441558442,
  "weighted_f1": 0.7682237117720988,
  "per_class_f1": {
    "Hold": 0.8636363636363636,
    "Build": 0.75,
    "Turn Right": 0.0,
    "Turn Left": 0.0,
    "Drop": 0.8571428571428571
  },
  "timestamp": "2026-04-07T03:04:43.144376",
  "model_version": "rf-cal-v1",
  "dataset_info": {
    "total_samples": 151,
    "train_samples": 120,
    "test_samples": 31,
    "features": 15
  }
}